link_row,node1,node2,ours_text,baseline_text
0,US-2021393344-A1,US-2023097906-A1,"A method is provided for generating an image from a medical device comprising an imaging system, an imaging device comprising a first and second section of the device, and an imaging device comprising a proximal portion of the device. In addition, the imaging device may be calibrated according to the orientation of the device. The imaging device comprises a plurality of instruments that are aligned at one end of the device with respect to a body surface, and a polarity modulator is applied to the instrument to determine the position of the instrument relative to the body surface.","A novel medical instrument system is proposed that integrates multi-source imaging capabilities with advanced calibration methods for enhanced precision in surgical procedures. The system utilizes a first instrument for accessing anatomical sites and a second instrument equipped with a multi-source imaging component to generate real-time, comprehensive visual data. By synchronizing the coordinate frames of both instruments, the system ensures accurate spatial alignment of the imaging data with the surgical tools, facilitating improved decision-making and outcomes during minimally invasive surgeries. This technology enhances the efficiency and safety of procedures by providing surgeons with precise contextual information in real time."
1,US-2021393344-A1,US-2009135280-A1,"A surgical imaging system comprises a device that is actuated by a first and second axis to determine the position of an instrument relative to a focal point. The instrument is synchronized with a detector at one end of the device, and a detector at the other end of the device is synchronized with a detector at the other end of the device. A signal transmission method comprising an array of optically modulated light sources may be employed to control the output of an optically modulated light source from a detector at one end of the device.","A novel integrated imaging and calibration system for medical instruments is proposed, combining advanced imaging techniques with precise calibration methods. The system utilizes multiple light-emitting scanning devices configured to operate across distinct wavebands, facilitating the generation of high-resolution images while minimizing crosstalk. Simultaneously, a sophisticated calibration protocol adjusts the coordinate frames of various instruments accessing the anatomical site, enhancing the accuracy of image-guided procedures. This synergistic approach allows for real-time updates of the control frame of reference, ensuring optimal alignment and functionality of medical instruments during complex diagnostic and therapeutic interventions."
2,US-2021393344-A1,US-2018168757-A1,A system of the present invention provides a method for controlling and manipulating a surgical device. The system includes a motion sensor and a control mechanism for detecting and manipulating the motion of a surgical device. The control mechanism emits a resonant energy generated by the first and second components of the control mechanism. The resonant energy generated by the first and second components of the control mechanism is transmitted to a user at a fixed location. The resonant energy generated by the third component is transmitted to a user at a fixed location to be viewed.,"The invention provides a novel system and method for enhancing robotically assisted surgical procedures through integrated calibration and imaging capabilities. By combining the robotic multi-axis apparatus for tissue removal with advanced calibration techniques for medical instruments, the system enables precise alignment of surgical tools relative to real-time imaging data from the surgical site. This integration allows for improved accuracy in tissue manipulation while ensuring that soft tissues remain unharmed. The innovative approach facilitates remote surgical interventions with enhanced visualization and control, ultimately improving patient outcomes and expanding the capabilities of minimally invasive procedures."
3,US-2020100855-A1,US-2020405417-A1,"A surgical instrument system comprises a robotically actuated endoscope capable of manipulating a portion of a patient's body cavity. The robotically actuated endoscope is positioned proximal to the surgical instrument, and a guiding device is positioned proximal to the surgical instrument. The method of the invention includes a first-line technique for removing a portion of a patient's body cavity from a surgical instrument, and a second-line technique for insertion of a surgical instrument through a longitudinal slit.","The proposed invention integrates endoscopically-assisted percutaneous techniques with a dual robotic surgical system to enhance precision in minimally invasive procedures. This system employs a coordinated control circuit that simultaneously manages the positioning and movement of both the first robotic arm, which operates within a cavity, and the second robotic arm, designed for access through natural orifices. By utilizing real-time position sensing and feedback, the invention allows for dynamic adjustments to the instruments' trajectories, ensuring accurate targeting of predefined locations within the treatment region. This synergistic approach aims to improve surgical outcomes by facilitating complex procedures with greater safety and efficiency."
4,US-2020100855-A1,US-2002065455-A1,"1 A method for manipulating surgical instruments comprises a catheter-shaped endoscope and a catheter-shaped guide device. The catheter-shaped guide device generates an image of the catheter-shaped guide device. The catheter-shaped guide device generates an image of the catheter-shaped guide device. In addition, the method is able to determine a relative position of the catheter-shaped guide device within a patient's body cavity without the need for a radial emission system. In addition, the method is able to identify a point of obstruction within a patient's body cavity.","The prospective invention involves a hybrid robotic system that integrates endoscopic-assisted percutaneous procedures with advanced locating technology for invasive medical instruments. This system utilizes a combination of position sensors and magnetic field generators to accurately determine the location and orientation of both the endoscopic instrument and percutaneous tools within a treatment region. By employing real-time feedback and coordination between the two instruments, the system enhances precision and safety during complex medical interventions. The integration allows for automated guidance of percutaneous instruments to target locations defined by the endoscopic procedure, optimizing surgical outcomes."
5,US-2020100855-A1,US-2021212784-A1,"A surgical tool system comprises a surgical instrument capable of manipulating an endoscope to perform a surgical procedure at a location proximal to the endoscope. A surgical instrument comprises a first-axis rotational motor coupled to a cutting tool. A surgical instrument comprises a laser-guided image transmission device. The laser-guided image transmission device is coupled to a cutting tool. A method for determining the position of a surgical instrument is also provided, and a method for determining the position of a surgical instrument is also provided, and a method for.","The prospective invention relates to an advanced robotic-assisted surgical system that integrates endoscopic techniques with real-time instrument tracking and usage analysis. This system utilizes a first medical instrument equipped with position sensors to navigate through a patient's treatment region while simultaneously capturing images to identify and monitor additional robotic surgical instruments. By analyzing the captured data, the system can assess the degree of usage and lifecycle stage of the instruments in real time, enhancing operational efficiency and safety during complex procedures. This combined approach aims to improve precision in targeting treatment areas and optimize the management of surgical instruments throughout the procedure."
6,US-2021085410-A1,US-2023100989-A1,"A system comprises a device for manipulating and tagging surgical instruments. The system includes a method for determining the position of a surgical instrument at a particular location. The method includes a first-arm motion detector coupled to one of the first-arm motion detectors. The method includes a set of control circuits that are electrically connected to at least one end of the system. In addition, a plurality of data input and output channels are provided to the system for generating and tagging a biometric image of the system.","The invention relates to an advanced robotic surgical system that integrates fiducial identification and tracking with coordinated robotic tool movements for enhanced precision in minimally invasive procedures. By employing fiducial markers placed within the surgical site, the system dynamically adjusts the positions and movements of multiple robotic instruments in real-time, ensuring they remain within the optimal field of view of a robotic camera. This synergistic approach enables improved accuracy and efficiency during complex surgeries, allowing for seamless interaction between various robotic tools while maintaining remote centers of motion. Additionally, the system incorporates advanced algorithms for automatic recognition and tracking of fiducial markers, facilitating enhanced surgical navigation and outcomes."
7,US-2021085410-A1,US-2010056900-A1,"A medical robotic device of the invention comprises a coupling system to provide a method for manipulating a body cavity during a surgical procedure. The device is positioned within the body cavity to provide a recognizable image to the user. The device is positioned in the body cavity to provide a recognizable image to the user. The invention also provides a method for inserting an endoscope into a patient, wherein the endoscope is operated on by a centrally operated device, wherein the endoscope is operated on by a centrally controlled device.","The invention relates to an advanced robotic surgical system that integrates coordinated robotic tools with real-time imaging capabilities for enhanced precision in minimally invasive procedures. By combining the coordinated movement techniques of robotic tools from Patent A with the guided needle insertion technology from Patent B, the system allows for simultaneous operation of multiple robotic instruments while providing live feedback from medical imaging devices. This hybrid approach enables a clinician to navigate and manipulate tools within a patient's body more effectively, ensuring that surgical instruments remain aligned with real-time imaging for optimal targeting and accuracy during interventions. The result is a comprehensive platform that improves the safety and efficacy of procedures performed in constrained environments, such as within MRI or CT scanners."
8,US-2021085410-A1,US-2016015471-A1,"A system of the invention includes a method for manipulating a surgical instrument, a device comprising at least one robotic actuator coupled to said actuator, and a device comprising a first-order camera coupled to said actuator. A method for obtaining and analyzing a patient's body position relative to said surgical instrument is provided. A method for transmitting and analyzing a patient's body position relative to said surgical instrument is provided. One or more embodiments of said embodiments may be configured to provide an electrical power source within said device.","The proposed invention integrates robotic medical systems with adaptive configuration methods to enhance surgical procedures through real-time contextual awareness. By combining the coordinated movement capabilities of robotic tools from Patent A with the adaptive feedback mechanisms of Patent B, the system dynamically adjusts the operation of multiple robotic instruments based on the specific phase and context of the procedure, as detected through imaging and instrument identification. This synergistic approach ensures that robotic tools maintain optimal positioning and functionality, thereby improving precision and efficiency during complex medical interventions. The invention enables seamless transitions between different imaging modalities and surgical phases, ultimately enhancing the surgeon's ability to respond to dynamic changes in the operating environment."
9,JP-2011217787-A,US-2014180290-A1,"A method for actuating a surgical manipulating device includes a virtual user interface and a computer-based control system. The virtual user interface provides haptic feedback to a surgical manipulating device. The virtual user interface provides a method for actuating a surgical manipulating device at a predetermined position relative to a haptic force source. The device may be equipped with a receptacle to store a haptic force source, which is used to determine the shape of a surgical instrument. The device may be equipped with a three-dimensional shape.","The proposed invention combines a remotely operated actuator with an advanced surgical system to enhance precision in minimally invasive procedures. By integrating a haptic feedback mechanism that corresponds to the attitude control of the distal end member, the system allows surgeons to manipulate surgical tools with greater accuracy and control. The actuator's attitude detection device ensures real-time adjustments to the tool's positioning, while the virtual haptic interaction point provides tactile feedback as the tool approaches critical boundaries, thereby improving the surgeon's ability to navigate complex anatomical structures. This synergy of technologies facilitates safer and more efficient surgical interventions."
10,CN-102933163-A,US-2014180290-A1,"One of the methods of the present invention includes a virtual surgical tool system for manipulating anatomical data generated by a computer and displaying it to a user during a surgical procedure. The system is configured to detect anatomical changes in a patient during a surgical procedure. A user interface is configured to provide feedback to a surgeon on the anatomical position of a surgical implant. The anatomical position of a surgical implant can be correlated with the anatomical position of a surgical instrument, based on a combination of physical and electro-mechanical parameters.","A novel surgical system and method are proposed that integrate patient-specific 3D modeling with advanced haptic feedback to enhance precision in computer-assisted surgeries. This system utilizes a 3D model of the patient's anatomy, derived from imaging data, to inform the positioning and orientation of patient-matched instrumentation. Additionally, the system employs a virtual haptic interaction point that guides the surgical tool, providing tactile feedback and constraining movement according to predefined virtual boundaries, thereby improving the surgeon's control and accuracy during procedures. The integration of these technologies aims to optimize surgical outcomes and reduce the risks associated with complex interventions."
11,US-2019290247-A1,US-2013253550-A1,"A bi-sectional endoscopy device of the present invention comprises an implantable catheter that is able to be inserted into a body cavity for the purpose of generating an image of the surrounding tissue. The implantable catheter is anchored to the endoscope by means of a flexible suture. In addition, the implantable catheter is equipped with a magnetically activated ligand, a receptacle, and a protruding membrane. The ligand is positioned at the surface of the implantable catheter to facilitate insertion and dissection.","The proposed invention is an advanced surgical navigation system that integrates real-time image fusion capabilities with implantable anastomosis devices for minimally invasive procedures. This system employs the image fusion workstation technology from Patent A to overlay endoscopic and ultrasound imagery, providing surgeons with enhanced visualization of anatomical regions during the positioning and deployment of the implantable magnetic anastomosis device from Patent B. By enabling dynamic tracking and guidance of the anastomosis device as it self-assembles within the targeted tissue, the system aims to improve precision in creating anastomoses, reduce procedural complications, and enhance patient outcomes in minimally invasive surgeries across various anatomical sites."
12,US-2018049821-A1,US-2008065110-A1,"An endoscopic surgical tool comprises a robot-operated manipulator arm with a coupling mechanism that allows the manipulator arm to move relative to a surgical instrument. The coupling mechanism allows the manipulator arm to be flexibly accessed by a surgical instrument. A drive shaft is attached to the manipulator arm. The assembly includes a handle for controlling the movement of a surgical instrument, and a first-in, first-out, and second-in, middle-in, and third-in device for removing tissue from a surgical instrument.","A novel robotic surgical system is proposed that integrates an advanced control system with a minimally invasive instrument equipped with a U-turn mechanism. This system employs a robotic arm controlled by sophisticated algorithms that monitor and adjust movement parameters in real-time, enhancing precision during minimally invasive procedures. The U-turn mechanism allows for efficient transmission of actuating forces around tight bends, facilitating dynamic movement of distal components, such as end effectors. By combining these technologies, the invention aims to improve the dexterity and responsiveness of robotic surgical tools, thereby enhancing surgical outcomes and reducing tissue trauma."
13,US-2017360509-A1,US-2014031664-A1,"A method for a patient undergoing orthopaedic surgery comprises a device for positioning and adjusting the anatomical portion of a bone implant in a joint. The device may be augmented with a computer-generated guidance system to generate a map of the anatomical portion of a bone implant. In addition, the invention includes methods for obtaining data from a multi-probe imaging system, such as a digital camera, which is used to identify the location of the implant in relation to the anatomical portion of the joint.","A novel integrated surgical navigation system that combines orthopedic surgical procedures with advanced imaging capabilities is disclosed. This system utilizes a hand-held imaging device equipped with a radiation source and a fixed detector to acquire real-time image data during orthopedic surgeries. By leveraging the patient's existing implant as a reference point, the system enhances the precision of bone and prosthesis removal processes, facilitating improved navigation and accuracy. The invention enables seamless integration of imaging and navigation, providing surgeons with enhanced tools for performing complex orthopedic interventions with greater efficiency and safety."
14,JP-2016505326-A,US-9588583-B2,"1 The invention comprises a method for establishing a bone satchet relative to the surface of the body of the first osteotomy. The technique is achieved by cutting a portion of a bone satchet into the surface of the body of the first osteotomy. The insertion point of the insertion point is controlled by a coupling tool, which provides a positional adjustment of the insertion point relative to the surface of the body of the first osteotomy. The coupling tool provides a positional adjustment of the insertion point relative to the surface.","A hybrid surgical system integrates advanced haptic feedback technology with a bone cutting method to enhance precision and control during orthopedic procedures. This system utilizes a computer interface that provides real-time haptic feedback based on the geometric primitives of the surgical tools, enabling surgeons to feel and manipulate the virtual tools as they align and secure a fixation plate to the bone. The combination of the haptic interaction system with the fixed plate method allows for improved accuracy in drilling holes and cutting bone, facilitating safer and more effective surgical interventions. Additionally, the system can adapt the haptic forces based on the surgical context, ensuring optimal performance tailored to specific anatomical challenges."
15,US-10716630-B2,US-2014031664-A1,"An imaging system includes a radiation source formed to capture a photon of a radiation source, a handheld device disposed on a fixed surface, and a method of adjusting the position of the handheld device, a handheld device disposed on a fixed surface, and a navigation device disposed on the handheld device.","A robotic-assisted surgical system integrates an advanced imaging device and navigation technology to enhance precision in revision surgeries involving implant removal. The system utilizes real-time imaging data acquired by a hand-held device to visualize the interface area between the implant and bone, facilitating accurate identification of the planned virtual boundary for tissue removal. By tracking the pose of the imaging device, the system correlates the cutting tool's movement with the virtual tool, ensuring that the removal process adheres strictly to the predetermined constraints, thereby improving surgical outcomes and minimizing patient trauma. This innovative approach synergizes surgical robotics and imaging technologies to refine the surgical workflow and enhance the accuracy of implant-related procedures."
16,JP-2014531920-A,US-2014031664-A1,"1 An orthopaedic surgery device comprising a base unit is configured to generate an image of a patient's position relative to a target joint. The device comprises a control mechanism for adjusting the position of a target joint. The device comprises a control mechanism for adjusting the position of a target joint relative to a target joint. In addition, the invention permits the use of a plurality of optical probes, including a hand-held device and a computer-aided image processing system.",本発明は、破損したインプラントを有する関節の修復を支援するための統合型イメージングおよびナビゲーションシステムを提供する。手持ち型イメージングデバイスにより、外科医は手術中にリアルタイムで関節の画像データを取得し、インプラントの正確な位置を把握することができる。このシステムは、患者ごとにカスタマイズ可能な外科用ツールと連携し、再置換手術の精度と効率を向上させることを目的としている。さらに、ナビゲーションシステムは、外科医が手術の各段階において最適なアプローチを選択できるよう支援し、患者の特異な解剖学的特徴に基づいた治療を実現する。
17,WO-2016089870-A1,US-9588583-B2,"A method of the invention relates to a computer-controlled system for generating a virtual haptic representation of a surgical procedure by using a combination of a simulated haptic model and a predetermined haptic model. The predetermined haptic model is then analyzed for morphological features, such as bone structure and joint surface area. Two methods of the invention are described for generating a virtual haptic representation of a surgical procedure by using a predetermined haptic model and adjusting a predetermined haptic model to a target.","A novel system for enhancing image-free implant revision surgery utilizing advanced haptic feedback technology is proposed. This system integrates a 3D modeling method for generating accurate representations of target bones with a haptic interface that provides real-time feedback during surgical planning and execution. By utilizing haptic interaction geometric primitives, the proposed invention enables surgeons to intuitively manipulate virtual tools, experiencing tactile sensations that correspond to the physical characteristics of the target anatomy. This synergy aims to improve precision in revision surgery while reducing reliance on imaging, ultimately enhancing patient outcomes."
18,US-2012071893-A1,US-9588583-B2,A method for generating and adjusting a computer-based haptic simulation of a surgical intervention system is described. The method consists of determining the articulation of a surgical intervention system with respect to a predetermined articulation of a virtual device. One or more parameters of the virtual device are mapped to a predetermined articulation of a surgical intervention system. The user may use a tool to identify the articulation of a surgical intervention system by referring to a predetermined articulation of a virtual device and adjusting the rotational forces,"A robotic-assisted surgical system that integrates advanced haptic feedback to enhance precision in hip surgeries for femoral acetabular impingement is disclosed. The system utilizes a three-dimensional model of the patient's anatomy to guide a cutting tool, while simultaneously employing stable haptic forces derived from distinct geometric primitives to provide real-time tactile feedback to the surgeon. This dual-layered approach allows for dynamic adjustment of cutting parameters based on haptic interactions, ensuring that the robotic tool operates within predefined limits and enhances the surgeon's dexterity and control during the procedure. The invention aims to improve surgical outcomes by bridging the gap between robotic guidance and tactile sensation in minimally invasive orthopedic surgeries."
19,US-2017172662-A1,EP-3679851-A1,"A surgical imaging system of the present invention includes a method for manipulating an image generated by a surgical instrument to provide a user with a guide to a surgical procedure. A computer-aided image processing tool detects the position of a surgical instrument at a focal point and transmits the image to the surgical instrument. The data generated by the surgical instrument are correlated with the image generated by the surgical instrument. During the operation, an end-to-end visual representation of the image is provided, and multiple images of the image are displayed in three-dimensional space.","A novel imaging and navigation system for minimally invasive surgical procedures is proposed, integrating advanced Q3D modeling with real-time intra-operative imaging. The system utilizes a Q3D endoscope to capture comprehensive spatial data while simultaneously employing a network of infrared cameras to gather reflected IR light, enhancing depth perception through parallax. By merging these two imaging modalities, the invention provides surgeons with a dynamic 3D model that includes critical anatomical structures and instruments, enabling precise navigation and real-time tracking of instruments within the surgical field. This technology aims to improve surgical outcomes by offering enhanced visualization and decision-making support during complex procedures."
20,US-2014194732-A1,US-2021289189-A1,"1 An operating room surgical tool system comprises a camera with a viewfinder, a camera with a viewfinder, a camera with a viewfinder, a camera with a viewfinder, a camera with a viewfinder, a camera with a viewfinder, a camera with a viewfinder, a camera with a viewfinder, a camera with a viewfinder, a camera with a viewfinder, and a camera with a viewfinder. 2 An end-axis position is performed to identify the position of a rotating instrument.","A novel surgical imaging and assistance system is proposed, integrating the high-accuracy three-dimensional shape measurement capabilities of Patent A's surgery assistance system with the stereoscopic imaging techniques of Patent B's optical imaging system. This advanced system combines retractable cameras and optical tracking sensors to obtain precise spatial data and utilizes multiple cameras, including a wide-field camera with path folding mirrors, to generate enhanced stereoscopic images of anatomical structures during surgical procedures. The processor will seamlessly integrate the three-dimensional images from the surgical assistance system with the stereoscopic images, providing surgeons with a comprehensive visual representation of the surgical field, thus improving accuracy and safety in minimally invasive surgeries."
21,US-9861271-B2,EP-3679851-A1,"One method relates to a surgical imaging system comprising a manipulating device, an endoscope, and a camera. The manipulating device generates an image of the anatomical position of a patient in a surgical procedure. The imaging system is augmented to provide a virtual image of the anatomical position of a patient in a surgical procedure. In addition, the image is analyzed for accuracy by a data acquisition process. The data acquisition process may be performed remotely from the imaging system, including the acquisition of three-dimensional images of the anatomical position of objects.","A novel system and method for enhanced intra-operative imaging and navigation during minimally invasive medical procedures combines motion tracking of an endoscope with real-time 3D imaging capabilities. This invention utilizes a dynamic tracking mechanism to monitor the endoscope's position in relation to moving target tissues, while simultaneously integrating parallax-based IR images captured by multiple cameras positioned around the surgical field. By correlating the endoscope's positional data with the integrated 3D image generated from the IR cameras, the system provides surgeons with an accurate and comprehensive view of anatomical structures, facilitating improved precision and decision-making during interventions. This technology aims to enhance the effectiveness of surgical procedures by offering real-time feedback on both the motion of target tissues and the surrounding anatomical context."
22,US-2017360512-A1,US-2020222205-A1,"A surgical instrument system comprises a robotic tool for manipulating a surgically performed joint and a guide device for adjusting the position of the surgically performed joint relative to the patient's body. The method includes a method of generating force to be applied to the surgically performed joint. The method includes a plurality of end-pieces, including a first-axis receptacle and a cutting device. The receptacle is positioned in a pre-determined position relative to the patient's body, and the cutting device is positioned in.","A robotic-assisted surgical system integrating an implant extraction tool designed for efficient removal of medical implants. The system incorporates a robotic controller to monitor the position and orientation of the extraction tool, enabling precise engagement with the implant while ensuring optimal soft tissue balance during the procedure. Utilizing real-time feedback from a tracking system, the robotic controller adjusts the extraction tool’s arms, which are equipped with a biasing mechanism, to facilitate one-handed operation for the surgeon. This combined technology enhances surgical accuracy and minimizes patient trauma during implant removal."
23,US-2017360512-A1,US-2010100102-A1,"A method is provided for manipulating a portion of a limb to determine the position of a joint relative to the first and second vertebral bones of the limb. The method includes a force sensor and a reversible alignment device. The force sensor is positioned at the proximal end of the limb, and the reversible alignment device is positioned at the distal end of the limb. The reversible alignment device is covered by a flexible plastic covering system comprising a plurality of movable structures, including a bone.","A robotic-assisted surgical system is proposed that integrates a tensor/ligament balancer with advanced robotic control mechanisms to enhance the precision of soft tissue balancing during orthopedic procedures. The system utilizes a robotic controller to dynamically adjust the position and orientation of the end effector while incorporating the tensor/ligament balancer to measure and maintain optimal gaps between anatomical structures. By combining real-time feedback from the robotic controller with the constant force application of the tensor/ligament balancer, the system offers improved accuracy in soft tissue alignment and stability, potentially leading to enhanced surgical outcomes. This innovative approach allows for automated adjustments and real-time visualization of soft tissue balance, streamlining complex surgical workflows."
24,US-10383765-B2,US-11344374-B2,"A method comprises a computer-aided robotic system for detecting and mapping the position of a patient during a surgical procedure. The system generates an image of a device based on the information provided by one or more sensors in the system. The system generates an image of a device based on the information provided by one or more sensors in the system. In addition, the system may be configured to display the orientation and orientation of a reference scene from a physical location to a three-dimensional perspective, and to display the orientation and orientation of a reference scene from a virtual location","A hybrid surgical navigation system that integrates a global coordinate system for robotic-assisted surgery with an advanced user interface utilizing inertial sensors to track and interpret the movements of surgical instruments in real-time. This system combines the three-dimensional patient eye model generated from optical coherence tomography with movement data from the user interface controllers to enhance precision during surgical procedures. By identifying and compensating for unintentional movements, the technology aims to improve patient safety and surgical outcomes, allowing for adaptive adjustments to the robotic system's actions based on real-time feedback. The invention provides a seamless interaction between robotic systems and surgical operators, facilitating safer and more effective surgeries."
25,US-10383765-B2,US-2022183779-A1,"A surgical apparatus comprises a surgical tool system for generating an image of a surgical instrument and a surgical tool system for manipulating a surgical instrument. The surgical tool system includes a method for determining the relative position of a surgical instrument and a surgical tool system. In addition, the method may be configured to allow a user to rotate the surgical instrument from one end to the other. The method may be configured to allow a user to remove a portion of the surgical instrument from the surgical tool system by means of a first-axis rotation and a third-axis rotation.","The invention relates to an advanced robotic surgical system that integrates a global coordinate system with a novel dual-blade retractor mechanism, enhancing precision in minimally invasive procedures. By utilizing the three-dimensional model generated from optical coherence tomography data, the system dynamically adjusts the orientation of the first and second blades to optimize access to the surgical site while ensuring patient safety through virtual boundaries. This coordinated approach allows for real-time adjustments during surgery, improving visibility and reducing the risk of inadvertent injury. Additionally, the synergy between the robotic-controlled coordinate system and the mechanically responsive retractor blades enhances the overall efficiency and effectiveness of robotic-assisted surgeries."
26,US-10383765-B2,US-2022101745-A1,"One or more methods of executing a surgical system are described, including the manipulation of a virtual object by a computer-aided robotic device to generate an anatomical image of a surgical scene. The system generates an image of the surgical scene based on the user's perception of the location and orientation of the surgical scene. In addition, the system provides a method for identifying and synchronizing a set of data from a sensor in the operating room to a set of data from a camera in the operating room.","A hybrid robotic surgical system that integrates a global coordinate system with a virtual reality interface to enhance precision in robotic-assisted surgeries. This system utilizes kinematic data and optical coherence tomography to create a detailed three-dimensional model of the patient's anatomy, while simultaneously enabling surgeons to interact with a virtual robotic environment. Surgeons can manipulate virtual robotic components in real-time, with the system translating their inputs into commands that control physical robotic instruments, ensuring improved accuracy and safety during procedures. The incorporation of a virtual boundary feature further safeguards against inadvertent patient injury, providing an advanced platform for training and performing complex surgical tasks."
27,US-2017258526-A1,US-2019275323-A1,"A method of the present invention relates to providing an electrically actuated device for a surgical procedure to be implanted in a patient's body. The device includes at least one implantable imaging system, a display device, and an input/output device. The display device and the input/output device are configured to monitor the patient's physiological characteristics, such as sensitivity, temperature, and focal length, by a combination of a signal processing device and a signal processing device.","A novel surgical system is proposed that integrates an optical head mounted display with an advanced electrical stimulation system to enhance surgical precision and outcomes. The system utilizes real-time visual guidance from the optical display to provide surgeons with accurate positioning and orientation while delivering targeted electrical stimulation to tissues via a capacitive discharge electrode. This dual functionality allows for improved visualization of anatomical structures and facilitates precise modulation of tissue response during minimally invasive procedures. The invention aims to optimize surgical interventions by combining visual analytics with responsive stimulation, thereby enhancing procedural efficacy and patient safety."
28,US-2017258526-A1,WO-2013132501-A1,"This invention relates to a surgical imaging device comprising a method for displaying an image of a patient during a surgical procedure, a technique for manipulating an image of a patient, and an endoscope for guiding the image of a patient to a desired location. In addition, the apparatus may be accessed from a computer-based system comprising a positional camera, a positional camera, a positional camera, a positional camera, a positional camera, a positional camera and a positional camera.","The invention relates to an integrated surgical system that combines a head-mounted display with advanced endoscope maneuvering capabilities. This system provides real-time visual guidance during surgical procedures by overlaying critical information onto the surgeon's field of view, utilizing data from a maneuverable endoscope that captures live images within a body cavity. The technology enables precise control of the endoscope's movement through intuitive user commands, enhancing the surgeon's ability to navigate and perform complex procedures with improved accuracy and safety. Additionally, the system incorporates data processing algorithms to optimize the interaction between the visual display and the endoscope's positioning, facilitating seamless surgical workflows."
29,US-2013211792-A1,US-9655683-B2,"A method for providing guidance to a user of a virtual anatomical implant device involves generating a virtual anatomical representation of a target anatomical position in relation to a computer-generated haptic parameter. The haptic parameter is mapped to a virtual anatomical representation of a target anatomical position in relation to a computer-generated haptic parameter. One or more of the methods described in the present invention are applied to a virtual anatomical implant device, allowing the user to adjust the positioning of the device and adjusting the orientation.","A hybrid system for personalized surgical guidance integrates patient-specific haptic boundaries with real-time instrument orientation tracking. The system identifies anatomical features of a patient and generates a customized haptic boundary that adapts dynamically based on the orientation angle of a surgical instrument relative to the target anatomy. This dual-layered approach enhances the precision of surgical interventions by providing tactile feedback that constrains instrument movement, preventing unintended deviations while accommodating unique anatomical variations. The invention aims to improve surgical outcomes by ensuring that instruments remain within safe operational parameters tailored to individual patient anatomy."
30,US-11484368-B2,US-2019133791-A1,A computer-based surgical method is disclosed for obtaining a bone plan for a prosthetic implant in a patient's arthroscopic surgery. The method includes tools for manipulating the articular surface of a prosthetic implant and adjusting the relative positioning of the articular surface of a prosthetic implant. The method also includes a tool system for determining the alignment of the articular surface of a prosthetic implant and adjusting the relative positioning of the articular surface of a prosthetic implant. These components may be used in the preparation of a surgery.,"A hybrid robotic-assisted system for intraoperative arthroplasty procedures that integrates real-time tracking of surgical tools and patient anatomy, utilizing both virtual boundaries and density data of bone. The system employs a tracked probe to capture interface positions between existing implants and bone, generating virtual boundaries for safe removal of primary implant components. Additionally, it incorporates a guidance station that adjusts the surgical tool's movements based on the tracked positions and virtual boundaries, ensuring precise preparation of bone for new implant placement while optimizing the interface area for improved implant integration. This technology enhances surgical efficiency and accuracy, reducing reliance on pre-operative imaging while facilitating complex arthroplasty revisions and primary implant installations."
31,US-2015057756-A1,US-2008056433-A1,"A method is disclosed for creating bone-based orthopaedic implants for the proximal part of the femur joint. In addition, the method includes a system of repositioning a bone-based orthopaedic implant into the proximal part of the femur joint. The methods are characterized by a first and second scan of the articular surface of the bone and a second and third scan of the articular surface of the bone. In addition, measurements of the articular surface of the bone are used to guide the procedure","The proposed invention relates to an advanced orthopedic surgical system that integrates patient-specific joint arthroplasty with enhanced imaging techniques for pelvic alignment. This system utilizes real-time x-ray imaging to accurately determine the frontal pelvic plane, allowing for precise placement of joint implants tailored to the individual anatomy of the patient. By combining the adaptive implant components and intraoperative kinematic optimization from Patent A with the pelvic localization methods outlined in Patent B, the invention aims to improve surgical outcomes and reduce recovery times through optimized joint functionality and alignment. The technology provides surgeons with real-time feedback and adjustments during procedures, ensuring optimal implant fit and joint mechanics."
32,US-2015057756-A1,US-10813715-B1,"The disclosed methods include a device for generating an orthopaedic representation of a patient's body during an arthroplasty procedure. In addition, the disclosed methods include a system for generating an orthopaedic representation of a patient's body during an arthroplasty procedure. In particular, a series of computer-aided devices are incorporated into a device for the purpose of measuring, adjusting, and prioritizing the orientation of two or more articular planes of a patient's body, based on three-dimensional imaging data.","A novel system and method for personalized joint arthroplasty utilizing 3D body modeling technology is disclosed. This invention integrates a 2D imaging process with accelerometer data to create an accurate 3D representation of a patient's body, enabling the precise design and customization of patient-adapted implant components for joint surgery. The 3D model not only allows for optimized preoperative planning and intraoperative measurements but also facilitates remote collaboration with medical professionals and manufacturers for enhanced implant fitting. Additionally, the technology includes a user-friendly interface for patients to visualize the surgical outcome and provide feedback on their unique anatomical requirements, ensuring improved surgical results and patient satisfaction."
33,US-2017258526-A1,US-2021093393-A1,"A surgical method relating to the present invention includes a device for displaying a virtual anatomical representation of a patient in the operating room, a surgical tool for determining the anatomical position of a surgical implant, and a surgical tool for determining the anatomical orientation of a surgical implant. One or more data acquisition systems are accessed from a user interface. The data acquisition system is augmented by a guiding lens, which is augmented by a guiding lens, which is augmented by a guiding lens and a guiding lens.","A system and method for enhanced surgical navigation in hip joint procedures utilizing augmented reality (AR) technology is disclosed. The system integrates real-time three-dimensional models of the pelvis and femur, generated from pre-operative imaging and intraoperative data, with a head-mounted optical display that provides visual guidance. Surgeons can visualize the anatomical structures and the entry vector cone directly overlaid in their field of view, allowing for precise alignment and placement of navigated guide wires during surgical interventions. This innovative approach aims to improve surgical accuracy, reduce operative time, and enhance overall patient outcomes in hip joint surgeries."
34,US-2010153076-A1,US-2004116835-A1,"An apparatus of the invention includes a method for determining a bone alignment relative to a proximal articular joint, a method for generating a bone alignment relative to a distal articular joint, and a method for generating a bone alignment relative to a proximal articular joint. The first and second components of the device, including a loading plate, are inserted into the insertion space to provide a repositioning force to be applied to the insertion space by means of a compression device.","A novel system and method for enhanced spinal implant planning and stability assessment is presented, integrating advanced cartilage representation techniques from PATENT A with a dynamic spinal instability measurement apparatus from PATENT B. This invention utilizes computer-based algorithms to analyze the spatial relationship between cartilage areas and spinal structures while simultaneously employing a distractor arm assembly to assess and quantify spinal instability during preoperative planning. The system allows for real-time adjustments of the implant positioning based on measured instability, improving surgical outcomes and patient safety. The combined approach enables more precise customization of spinal implants, tailored to the unique anatomical and biomechanical needs of each patient."
35,US-10537388-B2,US-2022160440-A1,"A method of generating a robotic surgical system based on a computer-aided visualization of the patient's anatomy is disclosed. The method includes techniques for adjusting the orthopaedic positioning of a surgical implant in relation to the orthopaedic features of the implant. In addition, a series of tools may be used to obtain a 3-dimensional model of a surgical procedure, such as arthroplasty, arthroplasty, and arthroplasty, to be performed within the patient's own joint space.","A hybrid surgical system integrates advanced imaging-free implant revision planning with a robotic arm that utilizes an external vision system for enhanced precision in orthopedic procedures. This system combines the generation of personalized 3D models of target bones with real-time positional feedback from the robotic arm, enabling automated tool manipulation for implant revisions. By utilizing fiducial markers for tool registration, the system ensures accurate alignment and execution of surgical tasks, facilitating minimally invasive techniques for knee and hip arthroplasty. This innovative approach aims to improve surgical outcomes through precise planning and execution, reducing recovery times and enhancing patient safety."
36,US-2007270685-A1,US-10575913-B2,"A method for actuating a surgical instrument comprises a computer-generated image of a surgical tool and a method for determining the relative position of a surgical instrument at a given surgical location. The method includes a method for generating a first-person feedback signal from a surgical tool and a method for determining the position of a surgical instrument at a given surgical location. In addition, the data collected by the system may be correlated with the data stored in the system, which may be used to calibrate and modify the data stored in the system at various surgical locations.","A surgical navigation system is proposed that integrates a method for calibrating surgical devices with a robotic surgical system utilizing virtual geometries. The system employs real-time data acquisition to simultaneously track the position and orientation of both the surgical device and the end effector, ensuring precise alignment with virtual geometries corresponding to specific surgical tasks. By harmonizing the calibration method from Patent A with the task-specific control capabilities of Patent B, the invention enhances surgical precision, reduces the risk of errors, and improves overall operational efficiency in robotic-assisted surgeries. This innovative approach allows for dynamic adjustments based on real-time data, facilitating seamless execution of complex surgical procedures."
37,US-2018049895-A1,US-2009198240-A1,"A device is provided for insertion into the proximal and distal portions of the femur bone and tibia during a knee joint alignment procedure. The device includes a guide for measuring the force exerted on the proximal and distal portions of the femur bone and tibia bone. The guide can be rotated in a fixed position, thereby reducing the stress on the femur bone. An alternative method of adjusting the first and second articulating tips of the guide for insertion into the femur.","A knee surgery assistance system is proposed that integrates a femoral tibial spreader with an advanced knee balancing mechanism for enhanced surgical precision. The system combines a radial measurement gauge to monitor forces applied to the femur and tibia with a force sensor that assesses medial and lateral forces within the knee joint. By synchronizing the operation of the spreader and the knee balancing system, surgeons can achieve optimal alignment and balance during knee replacement procedures. This dual-function device allows real-time adjustments and comprehensive force feedback, improving surgical outcomes and reducing the risk of complications."
38,US-8118815-B2,US-2009198240-A1,A device for insertion into the proximal and distal portions of the femur bone (tibia) is provided. The device includes a guide sleeve that can be used to measure the amount of pressure exerted on the proximal and distal portions of the femur bone during arthroscopic surgery. The guide sleeve includes a pivoting mechanism for adjusting the alignment of a joint. A second pivoting mechanism for adjusting the alignment of a joint is provided herein by means of a crossmember.,"A novel orthopedic surgical system is proposed that integrates an advanced surgical orientation device with an innovative femoral tibial spreader featuring a real-time force measurement gauge. This system enables precise alignment and adjustment of cutting planes during joint replacement surgeries while simultaneously providing accurate feedback on the force applied to adjacent bones, such as the femur and tibia. By combining the orientation capabilities of the surgical device with the force measurement technology of the spreader, surgeons can optimize both the positioning of implants and the management of ligament tension, ultimately enhancing the accuracy and effectiveness of knee surgeries. The system aims to streamline orthopedic procedures, reduce surgical risks, and improve patient outcomes."
39,US-2018177612-A1,US-2009198240-A1,"A bone alignment device is provided for inserting into the proximal and distal portions of the femur and tibia at the knee joint. The device includes a guide for measuring the pressure exerted by the insertion into the proximal and distal portions of the femur. The guide can be retracted to allow the insertion into the proximal or distal portions of the femur. A second instrument, having a pivotal sleeve, is used to provide a pivotal tool for removing.","A dual-function surgical apparatus is designed to enhance knee joint alignment and force measurement during orthopedic procedures. This device integrates a femoral tibial spreader with a built-in alignment mechanism that utilizes a distraction lock and M-L tilt adjustment to stabilize the femur and tibia while ensuring precise bone cuts for prosthetic installation. The apparatus features a radial measurement gauge that continuously monitors the force applied to the bones, allowing surgeons to make real-time adjustments based on the physiological response of the ligaments. By combining alignment capabilities with force measurement, this innovative tool optimizes surgical outcomes and minimizes the risk of alignment errors during knee surgeries."
40,US-2017189131-A1,US-2016007827-A1,A robotic surgical system comprises a tool for manipulating a surgical instrument and a device for controlling the movement of a surgical instrument relative to a surgical instrument. Methods are provided for identifying the surgical instrument at a first-hand location and the surgical instrument at a second-hand location. One or more actuators may be attached to the surgical instrument to provide an end-to-end transmission of a data path and a data orientation to the surgical instrument. The method of operation described herein may be configured to operate within a specified orientation.,"The prospective invention relates to an advanced robotic surgical system that integrates real-time 3D spatial tracking and intelligent movement control of multiple surgical instruments. This system employs a comprehensive movement database that not only tracks the spatial positions of surgical tools but also implements dynamic rules for allowed and restricted movements, enhancing surgical precision and safety. By utilizing insights from both patented technologies, the invention enables seamless coordination among multiple instruments, optimizing their interactions within the surgical environment. Additionally, the system incorporates operator input and environmental data to adaptively adjust tool movements, ensuring efficient and effective surgical procedures."
41,US-2017189131-A1,US-2014005684-A1,"A robotic surgical system comprises a method for manipulating a surgical instrument, a surgical tool, and an endoscope. The method may be coupled to an electrically operated surgical instrument, a surgical tool, and an endoscope. The method may be coupled to a patient-centered positioning assister. One or more of the robots in the invention are able to provide control over the movement of a surgical instrument in relation to a corresponding positioning assister, thereby minimizing the need for a surgical tool to be discarded during the procedure.","The prospective invention relates to an advanced robotic surgical system that integrates a multi-instrument control mechanism with an automated surgical platform, enabling synchronized execution of complex surgical tasks. This system leverages real-time imaging and tracking technologies to enhance precision and adaptability in unstructured surgical environments, allowing for simultaneous operation of multiple robotic instruments. Utilizing a sophisticated operating system, the invention automates subtasks while ensuring safe and efficient interactions among the robotic instruments, ultimately improving surgical outcomes through standardized procedures and enhanced maneuverability. The combination of these technologies facilitates a new paradigm in minimally invasive surgery, where collaborative robotic systems work seamlessly to augment the capabilities of surgical teams."
42,US-2017189131-A1,US-2011058033-A1,"A robotic surgical instrument system comprises a plurality of manipulators, including a first-generation manipulator and an endoscope. The manipulators are positioned relative to the endoscope, and a guide mechanism is provided to move the manipulator from one position to the other. An image acquisition device comprising a lattice-transistor motor coupled to a power supply is provided to operate the manipulator. The device is capable of detecting the position of an arm relative to a focal point, thereby minimizing the need for a cutting tool.","A novel robotic surgical imaging system that integrates a precision motion platform with a robotic surgical system is provided, enabling enhanced visualization and control during surgical procedures. This system allows for the simultaneous operation of multiple robotic surgical instruments while utilizing high-resolution imaging capabilities to capture real-time surgical fields without compromising clarity. The automated tracking and scanning features of the imaging device work in conjunction with the robotic control methods to adjust instrument positions dynamically, reducing motion blur and improving surgical accuracy. The combined functionality of these technologies facilitates more precise and efficient surgical interventions, ultimately enhancing patient outcomes."
43,US-7104997-B2,US-2017165006-A1,"A portion of the invention relates to a medical imaging device for dissection of the proximal femur. The device includes a trailing guide, a guide lens, and a tool for adjusting the orientation of a trailing guide lens within the body cavity. The device is equipped with a first-in-one orientation adjustment method, which allows the device to be inserted into a patient's body cavity. The device includes a sleeve containing an anchor point and a sleeve containing an anchor point and an anchor.","A novel surgical navigation system for knee arthroplasty that integrates advanced tracking technology with innovative cutting guide apparatus is disclosed. This system utilizes a cutting guide equipped with tracking devices that provide real-time feedback on the positioning of the cutting guide blocks relative to the patient's anatomy. By employing emitters and dome-shaped lenses, the tracking devices enhance visibility and precision during surgery, ensuring that all surgical cuts on the femur are accurately executed without the need for guide removal. The combined technology promises to improve surgical outcomes by minimizing errors and optimizing the alignment of prosthetic implants."
44,WO-2007030866-A1,US-2017086941-A1,"This invention comprises a bone anchorage device suitable for the insertion of a first-position guidepiece, a second-position guidepiece, and a third-position guidepiece. The invention comprises a mounting device comprising a disc positioned on the outer surface of the guidepiece. The disc positioned on the outer surface of the guidepiece is disposed on the inner surface of the guidepiece. The disc positioned on the outer surface of the guidepiece is disposed on the inner surface of the guidepiece, and the disc positioned on the inner surface of the guidepiece is removable.","The proposed invention integrates a surgical bone marker system that combines the precise guidance features of a bone marker device with an advanced light detection mechanism. This system includes a surgical marker capable of being affixed to bone, facilitating accurate bone resection around joints, while also incorporating a light generating element that can be selectively positioned or replaced during procedures. The marker features multiple openings allowing for real-time tracking by a surgical navigation system, enhancing the visibility and precision of the surgical operation. This dual-functionality improves surgical outcomes by providing both structural guidance and enhanced detection capabilities."
45,US-2011060341-A1,DE-202010000518-U1,"This invention provides a method for positioning an implantable device, comprising a first phase assembly comprising a first phase assembly comprising a first phase assembly comprising a first phase assembly comprising a first phase assembly comprising a second phase assembly comprising a second phase assembly comprising a second phase assembly comprising a second phase assembly comprising a second phase assembly comprising a second phase assembly comprising a second phase assembly comprising a second phase assembly comprising a second phase assembly comprising a second phase assembly comprising a second phase clamp.","The prospective invention integrates an advanced intraoperative navigation system with a novel lighting solution for surgical environments, enhancing visibility and precision during procedures. The system includes a compact alignment guide that utilizes adjustable components for optimal positioning of implant elements, while incorporating a hermetically sealed housing with a light-emitting diode for illumination. The alignment guide's ability to adjust in five degrees of freedom complements the lighting system, ensuring that surgical sites are well-lit and accurately aligned, thus improving surgical outcomes and safety. This invention aims to provide a synergistic solution that enhances both the accuracy of implant placement and the overall visibility in the surgical field."
46,US-5037423-A,DE-202005015080-U1,A surgical method for gauging the proximal portion of a femoral skeleton is incorporated. A laser beam is deposited onto the proximal femoral skeleton to generate a first-and second-generation photoreceptors that can be used to adjust the orientation of the femoral skeleton. The system includes a surgical tool for insertion of the implant and a conductive adhesive tape. The conductive adhesive tape is positioned in a fixed position relative to the conductive surface of the implant.,"A hybrid surgical system for knee joint revision procedures is disclosed, integrating advanced optical marking technology with a novel revision cutting jig. This system utilizes a multi-wavelength light spot detection mechanism to provide real-time feedback on the alignment and positioning of the revision femoral component during implantation. The integration of the marking system enhances the precision of the surgical process, ensuring optimal restoration of the anatomic joint plane and ligamentous balance. Additionally, the user-friendly interface allows surgeons to visualize the alignment parameters on a computer display, improving surgical outcomes and minimizing the risk of complications."
47,US-9005207-B2,DE-202005015080-U1,A surgical instrument system comprises a method for determining the orientation of a surgical tool relative to a patient's femoral bone and a method for generating and removing surgical guidepieces. The surgical tool comprises a series of electrodes that are positioned on a surgical surface to be surgically cut. The first electrode is equipped with a photosensitive coating to provide a visible light source. The second electrode is positioned at a pre-determined position relative to the surgical guidepiece and is not subjected to a pressure adjustment during the procedure.,"A novel surgical navigation system that integrates patient-specific surgical instruments with an advanced optical marking system is presented. This invention utilizes customized cutting guides designed to fit the unique anatomy of the patient's joint, leveraging real-time light spot alignment and detection for enhanced precision during orthopaedic arthroplasty procedures. By combining the data-driven positioning of cutting guides with a multi-wavelength light spot detection system, surgeons can achieve improved soft tissue balancing and optimal alignment of the surgical instruments, ultimately enhancing surgical outcomes and reducing recovery time."
48,US-5234433-A,US-2017086941-A1,"An alignment device comprises a proximal section of a femoral cross-section, a guide tube extending from the proximal end of the femoral cross-section, and a receptacle extending from the proximal end of the femoral cross-section. The guide tube is inserted into the proximal end of the femoral cross-section to provide a free-standing mounting point for the insertion of a cutting tool. A second mounting point (1) is provided to provide a fixed base.","A surgical navigation system for knee joint replacement procedures that integrates a light-based tracking marker with advanced cutting guides. The system includes a femoral and tibial cutting block equipped with a light generating element that is detectable through multiple openings in the blocks, allowing for real-time tracking and precise alignment during surgery. The marker can be easily replaced or adjusted during the operation, enhancing surgical accuracy and efficiency. This invention combines the sophisticated surgical techniques of unicompartmental knee prosthesis implantation with a dynamic tracking mechanism to improve the overall outcomes of knee joint surgeries."
49,US-5683397-A,DE-202005015080-U1,A surgical instrument system comprises a detector and a surgical cutting tool. The detector is positioned relative to a surgical eye and a surgical guide is positioned relative to a surgical eye. The surgical guide is positioned relative to a surgical eye and a surgical guide is positioned relative to a surgical eye. One end of the detector comprises a first-order rotational position adjustment mechanism for generating an electrical signal at least 20 nm from a beam of light. The rotational position adjustment mechanism allows the insertion of a second-order rotational position adjustment mechanism.,"A hybrid surgical navigation system integrates a distal femoral cutting block apparatus with an advanced surgical marking and alignment system. This invention utilizes the structural features of the cutting block from Patent A, which accommodates an intramedullary rod for precise positioning during knee surgery, while incorporating the light spot marking technology from Patent B. The system features integrated light spot lamps that project onto the cutting block, providing real-time visual feedback for alignment and accuracy in surgical procedures. A computer-controlled interface allows surgeons to dynamically adjust the cutting block's position based on the light spot detection, enhancing precision in knee surgeries and improving patient outcomes."
50,US-9005207-B2,DE-202010000518-U1,"An embodiment of the invention relates to a surgical instrument suitable for insertion into a pelvic joint. The instrument includes a first method of cutting the instrument, a second method of cutting the instrument, and a second method of adjusting the instrument. The instrument includes a guide shaft, which is positioned at the distal end of the instrument, and a fillet, which is positioned at the proximal end of the instrument. The fillet is provided with a flexible insulating material (including a conductive material) to provide a flexible surface.","A novel surgical lighting system for orthopedic procedures is presented, integrating patient-specific surgical instruments with advanced illumination technology. The system features a custom-designed light source housed within a hermetically sealed enclosure that provides optimal visibility during arthroplasty surgeries. The light source is configured to emit focused light in alignment with the unique cutting guides of the surgical instruments, enhancing precision and safety during the operation. Additionally, the enclosure design ensures durability and ease of sterilization, allowing for seamless integration into the surgical workflow while maintaining patient-specific adaptations."
51,US-2021393338-A1,US-2019289284-A1,"A medical imaging system of disclosed embodiments includes a device configured to generate an image based on a synchronized motion of a first-person viewfinder and a second-person viewfinder. At least one of the first-person viewfinders is configured to transmit the image to a manipulator. The manipulator is configured to receive signals from a plurality of manipulators. The manipulators are configured to provide a control mechanism for determining the orientation, intensity, and direction of the image at a given point in the system.","A mediated-reality surgical visualization system is proposed, integrating advanced medical instrument control with immersive light field rendering for head-mounted displays. This system utilizes image data from surgical instruments to create a comprehensive 3D visualization of the anatomical site, allowing surgeons to interact with both the physical instruments and virtual representations in real-time. By receiving directional input signals, the system dynamically adjusts the displayed light field to reflect the orientation and movement of the medical instruments, enhancing precision and situational awareness during procedures. The combination of these technologies aims to improve surgical outcomes through better visualization and instrument coordination."
52,US-2010158330-A1,US-2023270562-A1,"The present invention provides a method for performing at least one surgical procedure involving a robotically aligned surgical apparatus. The method includes a method for inserting a surgical apparatus into a patient's body cavity, and a method for extracting bone fragments from the surgical apparatus. The surgical apparatus comprises a plurality of components, each of which is supported by a semi-permanent screw system. The components of the surgical apparatus are configured to be coupled to a self-assembly and/or self-assembly elements.","A system for enhanced surgical navigation and execution that integrates advanced image processing with robotic surgical assistance. The invention utilizes pixel color feature analysis from real-time color medical imaging to identify and delineate physiologically significant regions within the surgical field. This information is then fed into a robotic system that autonomously coordinates the insertion of multiple surgical implant components, ensuring precise alignment and execution based on the visual feedback provided by the image processing methods. By combining spatial adaptive filtering techniques with synchronized robotic insertion, the system aims to improve surgical accuracy and patient outcomes during complex procedures."
53,US-10251714-B2,US-2023270562-A1,"An embodiment of the present invention includes a robotic surgical system for performing a variety of surgical procedures. The robotic surgical system comprises a robot-operated device, a robot-operated device, and a robot-operated device. The robot-operated device is connected to at least one end member of the surgical apparatus. The robot-operated device is shown to facilitate insertion of sutures into the surgical apparatus, and the robot-operated device is connected to the surgical apparatus by means of a movable axis, and the robot-operated device is connected to.","The prospective invention relates to an advanced robotic surgical system that integrates image processing capabilities with synchronous robotic insertion techniques for surgical implants. This system employs multiple robotic arms, each equipped with real-time imaging technology to capture and analyze non-visible properties of the surgical site during the procedure. By combining image data with coordinated movements of robotic arms, the invention enables precise and autonomous insertion of surgical components, optimizing surgical outcomes and reducing operative time. The system is designed to enhance surgeon oversight and ensure safety by providing continuous feedback on the insertion process through an intuitive display interface."
54,CN-102958426-A,US-2023270562-A1,"The invention provides a surgical technique for manipulating a portion of the body to be surgically implanted into a region of the body to be surgically implanted. A plurality of endoscopes are positioned at least perpendicular to the insertion device. The plurality of endoscopes are positioned at least perpendicular to the insertion device. In this embodiment, a resonant laser beam is generated from the insertion device, and the resonant laser beam is transmitted to the insertion device.","A novel minimally invasive surgical system that integrates advanced imaging and robotic technology for enhanced surgical precision is proposed. This system combines the fluorescence imaging capabilities of Patent A, which identifies clinical tissues by superimposing highlighted fluorescence images onto a black and white background, with the synchronous robotic surgical insertion methods from Patent B. The robotic system autonomously performs the insertion of surgical implants while utilizing real-time fluorescence imaging to guide the placement of components with high accuracy. This innovative approach aims to improve outcomes in complex surgeries by ensuring that surgical instruments are precisely aligned with the identified tissues of interest, enhancing both safety and efficacy."
